Actual,Prediction,Residual
26.0,26.022159108396778,-0.022159108396778038
26.3,25.858051021905105,0.44194897809489575
24.8,25.73611191253649,-0.9361119125364894
24.6,25.52998850221181,-0.9299885022118097
24.2,25.241117484597034,-1.0411174845970343
23.8,24.928783184743647,-1.1287831847436465
23.8,25.035147727562407,-1.2351477275624063
26.2,27.00138944590838,-0.8013894459083808
29.3,29.139517948554865,0.16048205144513616
31.6,30.78370126457924,0.8162987354207623
33.2,32.905720821794134,0.29427917820586913
34.4,33.9662475130415,0.4337524869584968
35.1,34.36116479165993,0.7388352083400704
35.4,34.40851832818278,0.991481671817219
35.3,34.05727611216177,1.242723887838224
34.6,33.18048016547309,1.419519834526909
34.2,32.36903324627501,1.8309667537249936
32.6,31.64549264885858,0.954507351141423
30.7,30.764019835898985,-0.06401983589898563
29.1,29.265511345137813,-0.16551134513781207
28.1,28.099803533487947,0.00019646651205462717
26.9,27.421238962311698,-0.5212389623116991
26.1,26.370531831524087,-0.2705318315240852
25.2,25.929104870338655,-0.7291048703386558
26.1,25.54334996572916,0.5566500342708416
25.3,25.464357304969663,-0.16435730496966272
26.3,25.188940509310005,1.1110594906899962
26.2,25.03809086074258,1.1619091392574177
26.0,24.745783532452144,1.254216467547856
26.1,24.563862993589385,1.5361370064106161
26.3,24.76783454977367,1.53216545022633
28.5,26.816068708433527,1.6839312915664735
29.4,29.954684587319587,-0.5546845873195885
31.1,30.874042318332506,0.22595768166749508
32.5,31.973032605749765,0.5269673942502351
33.6,33.70628455634666,-0.10628455634665812
34.4,34.13501334765279,0.2649866523472113
34.1,33.91185920492116,0.1881407950788443
32.8,33.117850872024356,-0.31785087202435847
32.1,32.07249584999026,0.027504150009740158
30.7,31.221273262979597,-0.521273262979598
30.1,30.083551725274297,0.016448274725703982
29.0,29.122450573024594,-0.12245057302459372
27.9,27.87236227809297,0.027637721907026958
28.3,27.313392054687768,0.9866079453122332
27.5,27.01830122092949,0.4816987790705092
26.9,26.695363073863383,0.20463692613661522
26.6,26.2301476005924,0.36985239940760195
26.2,26.27860698055182,-0.07860698055182169
25.9,26.00719242825019,-0.10719242825019037
25.4,25.801870741140537,-0.401870741140538
25.1,25.495401111217326,-0.3954011112173248
25.1,25.09260449896587,0.007395501034132224
25.2,25.163843687255046,0.03615631274495357
25.8,25.779255561335837,0.02074443866416331
28.2,27.688236823368978,0.5117631766310211
30.3,30.048946455267952,0.25105354473204855
32.1,31.481909249408048,0.6180907505919535
33.5,33.048957551707254,0.4510424482927462
34.4,33.91457256624593,0.4854274337540687
35.4,33.86557699295061,1.5344230070493907
34.9,33.11207471205389,1.7879252879461092
33.8,32.439576746280885,1.3604232537191123
32.7,31.89838401381268,0.801615986187322
31.6,31.093029058121303,0.5069709418786985
30.8,29.882605262492874,0.9173947375071272
29.7,28.85284162390098,0.8471583760990207
29.2,28.029934966179813,1.1700650338201868
29.2,27.806411205856445,1.3935887941435539
28.8,27.34201413992789,1.4579858600721103
28.0,26.885186312988527,1.1148136870114733
27.3,26.54176196043353,0.7582380395664714
26.7,26.321613261893706,0.3783867381062933
26.1,26.19550409428346,-0.0955040942834593
25.8,26.123691007415545,-0.3236910074155439
25.6,25.946266420466056,-0.3462664204660548
25.3,25.604776231805555,-0.3047762318055547
24.9,25.533097857096315,-0.6330978570963168
25.1,26.055346271828704,-0.9553462718287022
27.9,27.837998728786587,0.06200127121341126
30.7,30.112133892522593,0.5878661074774065
32.3,31.692927614544352,0.6070723854556448
33.7,33.32459420610682,0.3754057938931794
34.4,34.16035481123638,0.2396451887636175
34.1,33.744260285618644,0.35573971438135743
33.0,32.851521570947725,0.14847842905227537
32.1,32.27646846829406,-0.17646846829406115
32.7,31.6882521644328,1.0117478355672027
31.0,31.007178999723557,-0.007178999723556956
30.2,29.173656771073556,1.026343228926443
29.1,28.35285399509462,0.7471460049053817
28.6,27.925514279096134,0.674485720903867
29.2,27.611570912430256,1.588429087569743
28.9,27.11770640263642,1.78229359736358
28.5,26.89807415971148,1.6019258402885193
27.8,26.689395820889906,1.1106041791100942
27.3,26.453421762829393,0.8465782371706077
26.8,26.375307651929948,0.42469234807005307
26.5,26.28713739344845,0.21286260655154976
25.8,26.183216079557436,-0.3832160795574353
24.9,25.80529607658119,-0.905296076581191
24.9,25.48796291122348,-0.5879629112234817
25.2,25.634978662376245,-0.4349786623762455
25.3,27.724179965671276,-2.424179965671275
27.9,28.930512299902293,-1.0305122999022949
30.8,30.05712247428591,0.7428775257140892
32.9,32.02956143873566,0.8704385612643364
33.9,33.577615149641936,0.32238485035806264
32.4,33.58419887448477,-1.1841988744847711
30.6,32.01420460668668,-1.4142046066866811
30.3,31.085441276295555,-0.785441276295554
31.1,30.21612335908258,0.8838766409174212
30.0,29.75464428950564,0.24535571049435845
29.7,28.9581070500401,0.741892949959901
28.8,28.16140341185031,0.6385965881496922
28.4,27.68033781839741,0.7196621816025903
27.4,27.246406345277244,0.153593654722755
25.3,26.74575391816353,-1.445753918163529
25.1,25.628924581132296,-0.5289245811322942
25.1,25.580533176821927,-0.4805331768219254
24.8,25.59031246525002,-0.7903124652500182
24.5,25.397257904515897,-0.8972579045158966
24.7,25.169239962478454,-0.46923996247845423
24.1,24.984619692824715,-0.8846196928247139
24.2,24.770360801043623,-0.5703608010436234
24.0,24.57773285831529,-0.5777328583152901
24.5,24.75547909045835,-0.25547909045835127
25.9,25.82317632758141,0.07682367241858756
27.9,28.63391737214374,-0.7339173721437398
30.4,29.770144861729186,0.6298551382708126
32.4,31.349848495087194,1.0501515049128045
33.6,32.95345318094452,0.6465468190554802
34.2,33.2202423797718,0.9797576202282059
33.7,33.126835341014285,0.5731646589857178
32.3,31.671848790620245,0.6281512093797517
30.2,30.866275392348314,-0.6662753923483145
30.0,29.996119639856754,0.0038803601432455537
29.4,29.418001437298447,-0.018001437298448053
28.3,28.795557800958782,-0.49555780095878177
27.4,27.768745571228294,-0.36874557122829543
27.3,27.03661052395939,0.26338947604061147
26.9,26.65787662764866,0.2421233723513403
26.2,26.456770802684783,-0.2567708026847839
25.8,26.21559974957514,-0.41559974957514
25.3,25.911638845949863,-0.6116388459498623
24.9,25.734286483127494,-0.8342864831274959
24.6,25.50321423940049,-0.9032142394004872
24.1,25.144571174588638,-1.0445711745886364
23.7,24.786100173138454,-1.0861001731384547
23.3,24.394850747250274,-1.0948507472502733
23.7,24.403911688845387,-0.7039116888453876
26.2,26.05844518253796,0.14155481746204046
30.0,29.08535799613056,0.9146420038694387
32.3,30.960731451148273,1.3392685488517238
33.9,32.753239403609555,1.1467605963904433
35.1,33.79247909550759,1.3075209044924136
35.7,34.26560094220428,1.4343990577957229
35.4,33.9031370794518,1.496862920548196
34.4,32.808842422416916,1.5911575775830826
32.7,31.752379400439608,0.9476205995603948
31.5,31.06194223603322,0.4380577639667784
30.4,30.068988827563892,0.33101117243610645
29.4,29.131854225183687,0.2681457748163112
28.9,28.25965973428024,0.6403402657197574
28.2,27.9677829626888,0.23221703731119803
28.0,27.57309184914491,0.42690815085509115
27.5,27.296721911856658,0.20327808814334247
26.9,26.793646834380827,0.10635316561917207
26.4,26.19534406827631,0.20465593172368912
25.9,26.05320025934565,-0.1532002593456525
25.5,25.886166918685667,-0.3861669186856673
25.2,25.629975371373934,-0.42997537137393493
24.9,25.27635719399456,-0.37635719399456136
24.6,24.759359898151658,-0.1593598981516564
25.0,24.86225520458975,0.1377447954102493
27.6,26.862947831572342,0.7370521684276596
30.6,30.022303364216913,0.5776966357830879
32.7,31.709052004963908,0.9909479950360947
34.1,33.08579327269821,1.01420672730179
34.3,34.01014349649836,0.28985650350163894
33.9,34.070769986578846,-0.170769986578847
34.0,33.140262301901814,0.8597376980981863
33.8,32.30372741164474,1.4962725883552537
32.6,31.845238739566458,0.7547612604335434
32.1,31.260038501092165,0.8399614989078366
30.9,30.489908385125084,0.41009161487491497
29.8,29.555407485105917,0.24459251489408373
28.9,28.749286210183396,0.15071378981660288
29.1,28.012919855780744,1.0870801442192572
28.2,27.912493932963496,0.28750606703650305
27.4,27.797666466092387,-0.39766646609238876
27.1,27.472992638716427,-0.3729926387164255
26.9,26.31778892355469,0.5822110764453079
26.5,26.319966799623238,0.18003320037676218
26.1,26.104608260102747,-0.0046082601027457315
25.8,25.853695269768014,-0.05369526976801353
25.4,25.482526629498285,-0.08252662949828604
25.0,25.039366466281876,-0.039366466281876455
25.4,25.022313075325236,0.3776869246747623
28.1,27.816901406280902,0.2830985937190995
30.8,30.402836889283385,0.39716311071661536
32.7,32.12117916014774,0.5788208398522627
33.9,33.68063082962523,0.21936917037476888
34.9,34.46280679706857,0.43719320293142516
35.0,34.46200029431573,0.5379997056842711
34.4,33.985809630296075,0.414190369703924
33.7,33.083085221971025,0.6169147780289777
32.7,32.12460803598678,0.575391964013221
31.7,31.448239352655882,0.25176064734411696
31.1,30.69565084858318,0.40434915141682026
30.0,30.115711819133786,-0.11571181913378581
29.2,29.4081660335559,-0.20816603355590146
29.0,28.726054115959542,0.27394588404045805
28.0,28.0087491779694,-0.008749177969399113
27.2,27.59490278320073,-0.394902783200731
26.4,27.204688813203674,-0.8046888132036756
26.1,26.27209512579627,-0.17209512579626818
25.4,25.921413000800293,-0.521413000800294
25.1,25.757508487215944,-0.6575084872159422
24.9,25.559067210334064,-0.6590672103340651
24.7,25.361277543775543,-0.6612775437755438
24.8,25.377890155132842,-0.5778901551328417
25.4,25.69612382082061,-0.29612382082061117
27.7,28.742374998489645,-1.0423749984896453
30.0,30.373596384954787,-0.3735963849547872
31.9,31.496085712634375,0.4039142873656232
33.3,32.818952030014636,0.4810479699853616
34.4,33.542668585230956,0.8573314147690425
35.2,33.48029597066538,1.719704029334622
35.0,33.140036778524475,1.8599632214755246
33.0,32.5944036783977,0.4055963216023031
32.8,31.82855673640075,0.971443263599248
32.3,31.150122938689968,1.149877061310029
31.3,30.217167422567282,1.0828325774327183
30.1,29.181495213105197,0.918504786894804
29.3,28.18062671297912,1.1193732870208812
29.6,27.709906008724328,1.8900939912756733
29.3,27.39021108785678,1.9097889121432203
28.3,26.98704485801359,1.3129551419864107
28.0,26.688687121642534,1.311312878357466
27.9,26.45116210355808,1.448837896441919
27.3,26.40544299195118,0.894557008048821
26.7,26.33876985546336,0.3612301445366377
27.0,26.19186208646144,0.8081379135385589
25.8,26.017323278238237,-0.21732327823823638
25.9,25.893531478393037,0.0064685216069619855
26.1,26.32377927762765,-0.22377927762764926
28.3,28.990591090352112,-0.6905910903521111
30.5,30.49218875572697,0.007811244273028706
32.0,31.768478299990768,0.23152170000923178
33.5,32.85830107982143,0.6416989201785697
34.8,33.471874070979354,1.3281259290206435
32.6,33.320681357808105,-0.7206813578081039
31.5,32.095973647862266,-0.5959736478622659
32.5,31.559637279863253,0.940362720136747
30.9,31.182285687848243,-0.28228568784824404
31.4,29.572991758800878,1.8270082411991204
29.5,29.1140727512985,0.3859272487014991
28.5,28.02191012217303,0.4780898778269709
27.5,27.17614483800299,0.3238551619970096
28.0,26.675369559065203,1.324630440934797
28.0,26.53254347111014,1.4674565288898584
27.8,26.44878171670172,1.3512182832982802
27.0,26.360912038043388,0.6390879619566121
26.5,26.255917098341133,0.24408290165886726
26.3,26.14730404850598,0.15269595149402093
25.7,26.04835097567323,-0.34835097567323103
25.5,25.812426261915256,-0.312426261915256
25.3,25.53899846207013,-0.23899846207012843
24.9,25.492722976856516,-0.5927229768565176
25.6,25.981578353990702,-0.38157835399070095
28.1,28.168542182650462,-0.06854218265046086
30.1,30.117208876592265,-0.017208876592263778
31.9,31.36387732370073,0.5361226762992679
33.2,32.821745404342984,0.3782545956570189
34.5,33.64837709222837,0.8516229077716275
34.7,32.87796197419103,1.822038025808972
31.4,32.36482088027264,-0.9648208802726401
30.9,31.174105597372137,-0.274105597372138
31.2,30.3289068211992,0.8710931788007983
30.4,29.687188547954097,0.7128114520459015
29.9,28.83202266521857,1.0679773347814283
28.9,28.202260848390427,0.6977391516095715
28.2,27.753161799642626,0.446838200357373
27.1,26.970860944646134,0.1291390553538676
26.7,26.418621239851934,0.2813787601480655
26.6,26.207895488642418,0.3921045113575836
26.3,26.095932159812442,0.20406784018755886
26.0,25.950069162374902,0.04993083762509798
25.3,25.8091276727369,-0.5091276727368985
25.0,25.64065338993289,-0.6406533899328899
25.2,25.472396133550077,-0.2723961335500782
24.9,25.29361876037643,-0.3936187603764303
24.8,25.075933471035164,-0.2759334710351631
25.2,25.638316726996628,-0.4383167269966286
27.7,27.563579705902704,0.13642029409729517
30.4,29.81786978604296,0.5821302139570399
32.2,31.203722446049404,0.9962775539505984
33.8,32.681727250604645,1.1182727493953522
34.5,33.81291002652664,0.6870899734733626
31.8,33.525427553159744,-1.7254275531597436
31.1,31.549370832616937,-0.44937083261693545
30.2,30.677901769343247,-0.4779017693432479
30.4,29.83197296302265,0.5680270369773481
28.0,29.276881688601595,-1.2768816886015948
25.9,27.64454697960828,-1.7445469796082804
25.9,26.089697164210854,-0.18969716421085536
25.7,25.99786188531781,-0.2978618853178112
26.9,25.85798658665444,1.0420134133455576
26.8,25.86534459662479,0.9346554033752099
26.5,25.827219108500984,0.6727808914990163
26.1,25.78741936597936,0.31258063402064096
25.9,25.69377158013144,0.2062284198685589
25.5,25.561517874098428,-0.06151787409842768
25.4,25.42887808762117,-0.028878087621173165
25.5,25.31963891833105,0.1803610816689485
24.7,25.22898099892203,-0.5289809989220302
25.6,25.155108462311656,0.44489153768834555
25.7,25.33831894532718,0.3616810546728182
27.2,28.024324408343954,-0.8243244083439549
30.3,29.95392340166611,0.34607659833389093
31.7,31.40901103043413,0.29098896956586984
33.2,32.33586431589478,0.8641356841052215
33.7,33.07496071574961,0.6250392842503913
30.0,32.171731092574554,-2.1717310925745537
29.9,30.39996704234985,-0.49996704234985145
30.1,29.80494910212495,0.29505089787505057
29.9,29.363034805101375,0.5369651948986238
27.2,28.8839470330806,-1.6839470330805995
26.7,26.60995941544742,0.0900405845525789
26.0,26.40108546961489,-0.4010854696148911
25.6,26.123603736595275,-0.5236037365952733
25.3,25.967073518813862,-0.6670735188138615
24.9,25.794652753926442,-0.8946527539264437
24.7,25.606868253213186,-0.9068682532131866
24.4,25.45816302394954,-1.0581630239495396
24.4,25.322272797712007,-0.922272797712008
24.0,25.07179509935911,-1.071795099359111
23.8,24.916928514780352,-1.1169285147803514
23.9,24.817476422794776,-0.9174764227947776
23.8,24.716302635072985,-0.9163026350729844
23.4,24.813091816410818,-1.4130918164108195
23.7,24.96553729955176,-1.2655372995517595
25.0,25.9543994236436,-0.9543994236436006
27.7,27.29945412580285,0.4005458741971495
29.4,29.60999476361568,-0.2099947636156827
30.7,30.648726762384836,0.051273237615163225
31.7,31.148925575955055,0.5510744240449448
28.6,31.171587666038395,-2.5715876660383934
27.7,29.01904863557714,-1.3190486355771398
27.6,27.854677457083785,-0.2546774570837833
26.6,27.438793164747846,-0.8387931647478446
26.1,26.491641071510493,-0.39164107151049166
26.1,26.004832398684567,0.09516760131543478
25.9,25.868824454200624,0.03117554579937476
26.1,25.811360247960547,0.2886397520394546
24.9,25.799981053500794,-0.8999810535007953
24.8,25.5772439696993,-0.777243969699299
24.7,25.439006459330344,-0.7390064593303443
24.9,25.304211632354146,-0.4042116323541478
25.0,24.997248293875693,0.002751706124307418
24.5,25.29556562545014,-0.7955656254501413
24.7,25.079420940467536,-0.3794209404675364
24.7,24.861510481788777,-0.16151048178877758
24.6,24.50923960301606,0.09076039698394212
23.8,24.366586507777246,-0.5665865077772452
24.4,24.410811571264293,-0.010811571264294884
25.7,25.72691448858351,-0.026914488583511087
26.9,28.306197917054266,-1.4061979170542678
28.1,29.575960382849445,-1.4759603828494434
29.8,30.28661552331183,-0.4866155233118299
30.9,30.81927695778381,0.08072304221618865
31.3,30.740628069707817,0.5593719302921834
29.4,30.52476750169587,-1.124767501695871
30.2,29.74961196723655,0.4503880327634491
28.7,29.300308681756725,-0.6003086817567258
28.6,28.04687081590996,0.553129184090043
27.9,27.103782369815175,0.7962176301848238
26.9,26.416294844071,0.4837051559289982
24.7,26.014015129984234,-1.3140151299842344
25.9,25.484661843766254,0.41533815623374437
25.8,25.183549190644342,0.6164508093556584
25.5,24.873073953984637,0.6269260460153632
24.8,24.58891980914256,0.2110801908574409
24.8,25.306509173888216,-0.5065091738882153
24.9,25.036930318150905,-0.13693031815090606
24.7,24.89583588330253,-0.1958358833025322
24.5,24.7321367128247,-0.23213671282470116
24.0,24.569451866485117,-0.5694518664851174
24.0,24.428039149821636,-0.42803914982163604
24.4,24.630835293741015,-0.2308352937410163
25.8,25.59858761542285,0.20141238457715005
28.4,27.672793893256696,0.7272061067433029
30.4,30.034701131292973,0.36529886870702555
31.7,31.478573486046617,0.2214265139533822
31.9,32.208117182970206,-0.3081171829702072
26.5,31.48723188434498,-4.987231884344979
27.6,28.858498472445763,-1.258498472445762
28.1,28.71646760222369,-0.6164676022236897
28.7,28.136570880535032,0.563429119464967
26.5,27.895060480239877,-1.3950604802398772
25.6,26.346616794451133,-0.7466167944511319
25.1,25.78228561129644,-0.6822856112964395
24.9,25.643854972195406,-0.7438549721954075
24.8,25.42560481229129,-0.6256048122912894
24.7,25.187978229028072,-0.487978229028073
24.4,25.09120905094113,-0.6912090509411328
24.0,24.985528513090987,-0.985528513090987
24.0,24.909923128489474,-0.9099231284894742
23.9,24.658925522633258,-0.758925522633259
23.7,24.464393022591953,-0.7643930225919533
23.6,24.260339860224818,-0.6603398602248163
23.6,24.073492857004776,-0.47349285700477495
23.1,24.043387079310087,-0.9433870793100851
23.8,24.412190910476365,-0.6121909104763645
25.1,25.844896317653635,-0.7448963176536338
27.5,27.09980207692716,0.40019792307284163
29.2,29.486147910575543,-0.28614791057554356
30.2,30.45635602959941,-0.2563560295994094
31.3,30.64880358902986,0.6511964109701402
31.8,30.54582437514997,1.2541756248500313
26.9,30.40235787338145,-3.5023578733814524
27.2,27.805642541111368,-0.6056425411113686
28.2,27.254117465731845,0.9458825342681543
28.2,26.81800273956308,1.3819972604369184
26.8,26.642277366820043,0.15772263317995794
24.8,26.060904166238537,-1.2609041662385359
24.2,25.198136694123548,-0.9981366941235486
26.2,24.948147039688475,1.251852960311524
25.9,25.039746528048855,0.8602534719511432
25.4,25.04179907401446,0.358200925985539
25.1,25.032162817681254,0.06783718231874758
24.7,25.04233898476867,-0.34233898476867
24.4,24.880190862824747,-0.4801908628247489
24.0,24.703383367314334,-0.7033833673143342
24.0,24.550266801658896,-0.5502668016588963
23.7,24.443818351398335,-0.7438183513983354
23.7,24.3941971897078,-0.6941971897078005
23.9,24.55725554807735,-0.6572555480773516
25.3,25.644323189882254,-0.3443231898822532
28.6,27.06232231321439,1.5376776867856101
30.5,30.037369175518375,0.46263082448162507
31.8,31.69989724281151,0.10010275718849115
32.7,32.45721536509111,0.2427846349088938
32.8,32.5309986836621,0.26900131633789925
31.4,31.515026135931965,-0.11502613593196642
30.2,30.455320463070837,-0.2553204630708379
29.9,29.796185199954618,0.1038148000453809
26.4,29.19863799912114,-2.7986379991211408
25.9,26.330525152716667,-0.4305251527166689
25.5,25.94840305089338,-0.4484030508933792
25.4,25.785059159393818,-0.3850591593938191
24.9,25.728781694693488,-0.8287816946934896
25.0,25.4471969939817,-0.44719699398169865
24.9,25.359595500501275,-0.4595955005012762
24.8,25.333024102517598,-0.5330241025175972
24.6,25.315609767945276,-0.7156097679452742
24.4,25.108174108957982,-0.7081741089579836
24.0,24.90126419913135,-0.9012641991313508
23.7,24.65938152594567,-0.9593815259456697
23.3,24.403993472048157,-1.1039934720481561
23.5,24.22122978730923,-0.7212297873092304
23.8,24.195898590880965,-0.39589859088096446
25.6,25.57502750328832,0.02497249671167978
28.8,27.597598464661054,1.2024015353389466
30.4,30.280336095710467,0.11966390428953133
31.6,31.45994567992671,0.14005432007328977
32.6,32.4264638187304,0.17353618126960413
33.0,32.928782268815674,0.07121773118432628
33.1,32.68147411211988,0.4185258878801221
33.1,31.63628902920842,1.4637109707915812
32.6,30.833834721916556,1.7661652780834451
31.0,30.083617045624564,0.916382954375436
30.1,29.460649253303515,0.6393507466964863
28.6,28.830977893654193,-0.23097789365419175
28.6,27.84812426817705,0.7518757318229525
28.4,27.528173044593682,0.8718269554063163
28.0,27.270014783849774,0.7299852161502258
27.5,26.87955442425238,0.6204455757476204
26.8,26.567216893785464,0.23278310621453713
26.2,26.209412903391634,-0.009412903391634586
25.9,26.075342087885836,-0.17534208788583783
25.7,25.906200794025473,-0.20620079402547375
25.6,25.69102192972319,-0.0910219297231869
25.5,25.400494005662697,0.0995059943373029
25.1,25.06401135648257,0.03598864351743103
25.2,25.012603709765315,0.18739629023468396
26.9,26.365079086946388,0.534920913053611
28.9,29.32939500173551,-0.4293950017355108
31.1,30.33544965444065,0.7645503455593499
32.4,31.573118408846124,0.8268815911538745
33.3,32.6093257495246,0.6906742504753964
33.6,32.83986162289578,0.7601383771042194
29.2,32.38736011853191,-3.1873601185319096
29.3,29.96167988347506,-0.6616798834750597
28.4,29.2556971837856,-0.8556971837856011
28.2,28.420585710700532,-0.2205857107005329
28.3,27.869083603655554,0.4309163963444469
27.2,27.435732755871065,-0.2357327558710658
26.6,26.804287855776625,-0.20428785577662367
26.6,26.518654311213023,0.08134568878697834
25.8,26.38720994025157,-0.5872099402515687
25.7,26.169980654222712,-0.46998065422271296
25.8,25.94619012488079,-0.14619012488078909
25.6,25.750684900382304,-0.1506849003823021
25.1,25.52930945380094,-0.4293094538009399
24.7,25.378470072388843,-0.6784700723888442
24.4,25.25264643790861,-0.8526464379086107
24.4,25.120131450474542,-0.7201314504745433
24.6,24.985150929602877,-0.3851509296028759
24.8,25.066748438476544,-0.2667484384765437
26.3,26.437939069617713,-0.13793906961771185
29.3,29.195562986101002,0.10443701389899829
30.7,30.669557050342085,0.030442949657913942
31.7,31.5018331953779,0.198166804622101
33.0,32.167410390381505,0.8325896096184948
30.7,32.17623023084637,-1.4762302308463724
29.3,30.03769099773187,-0.7376909977318675
28.1,29.292172315200713,-1.192172315200711
29.2,27.261391346985494,1.938608653014505
29.3,27.278669995789585,2.021330004210416
27.6,27.171055382554908,0.4289446174450937
27.2,26.702403510098303,0.4975964899016958
26.7,26.567065010694606,0.1329349893053937
26.4,26.417047355748426,-0.01704735574842786
25.7,26.311782106629227,-0.6117821066292279
25.5,26.150798421715205,-0.650798421715205
25.3,25.937739016908058,-0.637739016908057
25.1,25.52878706801875,-0.42878706801874955
24.7,25.340168626465136,-0.6401686264651367
24.4,25.147998634268326,-0.7479986342683276
24.5,24.92908128628794,-0.4290812862879392
24.1,24.714871960084285,-0.6148719600842831
23.4,24.510756663725434,-1.1107566637254358
23.5,24.612748814534676,-1.112748814534676
24.9,25.498601808380243,-0.5986018083802449
28.3,26.983849427193274,1.3161505728067269
30.4,30.09538957834525,0.30461042165474694
31.7,31.238262572725407,0.461737427274592
32.7,31.70526944332588,0.9947305566741242
32.6,31.879352956316353,0.7206470436836483
27.3,31.51348464647371,-4.2134846464737095
27.8,29.745975270012114,-1.945975270012113
27.5,27.458889572374186,0.04111042762581363
27.3,26.56674017914248,0.7332598208575192
27.5,26.388388184835186,1.1116118151648138
26.5,26.239087106522792,0.26091289347720803
26.1,26.02365351055647,0.07634648944353017
25.0,25.786313168502943,-0.786313168502943
24.9,25.462907688849583,-0.5629076888495845
24.8,25.078513713380538,-0.2785137133805371
24.7,24.68448967727547,0.015510322724530567
24.8,25.265495959819013,-0.4654959598190125
24.2,24.947577389587803,-0.7475773895878035
24.1,24.785329782449168,-0.6853297824491662
23.7,24.637151364465694,-0.937151364465695
23.7,24.463011913180686,-0.7630119131806872
23.4,24.27911600903719,-0.8791160090371903
24.0,24.593219268945276,-0.5932192689452762
25.7,25.683078160839496,0.016921839160502827
28.1,27.790834072517754,0.3091659274822476
29.5,29.876067208789248,-0.37606720878924804
30.6,30.79472429496113,-0.19472429496113008
31.2,31.001817774444195,0.19818222555580434
31.6,30.760362604363895,0.8396373956361067
28.3,30.349134710370684,-2.0491347103706836
27.2,28.87166096557369,-1.6716609655736896
27.6,26.87049268606763,0.7295073139323698
27.3,26.741981269640984,0.5580187303590165
26.7,26.542508630453618,0.15749136954638132
26.1,26.26184726564149,-0.16184726564148733
25.3,26.00653674646868,-0.7065367464686787
25.6,25.63420012877066,-0.03420012877066014
25.4,25.58598556735979,-0.18598556735978988
25.6,25.521823281408935,0.07817671859106667
25.8,25.49432235182842,0.3056776481715815
25.7,25.50107937917236,0.19892062082763928
25.4,25.325042628391074,0.07495737160892446
25.2,25.180016227092683,0.019983772907316677
25.0,25.039580306344526,-0.039580306344525695
24.9,24.904302923068006,-0.0043029230680069475
24.8,24.769161137049757,0.03083886295024385
24.8,24.858255793550434,-0.05825579355043331
25.9,26.065506153083533,-0.165506153083534
28.3,27.82086222697778,0.47913777302222016
29.9,29.72482864745887,0.1751713525411276
30.8,31.288471440548395,-0.48847144054839475
31.6,31.87942872084186,-0.2794287208418602
29.8,31.830674602716616,-2.0306746027166156
27.9,29.666543599852474,-1.7665435998524757
29.0,27.29947545670314,1.7005245432968614
29.4,27.262384428733405,2.1376155712665934
29.4,27.1623858762566,2.2376141237433984
28.5,27.080141492342413,1.4198585076575867
27.1,26.8853579338004,0.2146420661996018
26.9,26.346649897176064,0.5533501028239343
27.2,26.331473625444886,0.8685263745551133
27.0,26.256779008328756,0.7432209916712438
26.2,26.196557362803972,0.0034426371960272206
25.8,26.047316825304016,-0.247316825304015
25.5,25.86769648327412,-0.36769648327411986
25.1,25.683224202273014,-0.5832242022730121
25.1,25.452858445044388,-0.35285844504438657
24.8,25.229332206442148,-0.4293322064421474
24.4,25.048146123225038,-0.6481461232250396
24.3,24.88062509268707,-0.5806250926870682
24.9,24.991269446097494,-0.09126944609749543
26.5,26.011562873040596,0.4884371269594041
29.3,28.851853498710813,0.4481465012891874
30.6,30.396051007692577,0.20394899230742425
31.4,31.292036975765228,0.10796302423477044
32.1,31.68191060283972,0.41808939716027993
32.3,31.515352560663363,0.7846474393366343
28.9,30.99196944824753,-2.091969448247532
30.7,29.35044054591477,1.349559454085231
30.1,29.059415726940482,1.040584273059519
30.6,28.692738613086043,1.9072613869139587
30.2,28.21165387935436,1.988346120645641
29.4,27.832512217659257,1.5674877823407414
28.8,27.617045341948085,1.1829546580519157
28.2,27.23880267591373,0.961197324086271
27.8,26.877897871846507,0.9221021281534938
27.5,26.68162004390974,0.8183799560902614
27.2,26.505715394243317,0.6942846057566818
26.9,26.294714023019274,0.6052859769807242
26.6,26.115230871426924,0.4847691285730775
26.5,25.933775009852628,0.5662249901473722
26.1,25.78856964141571,0.3114303585842926
26.0,25.622408654918594,0.3775913450814059
25.8,25.471044055405596,0.328955944594405
25.5,25.569398269850968,-0.06939826985096786
26.6,26.356228976075297,0.24377102392470462
29.4,29.275748407077508,0.12425159292249077
30.8,30.55799449460966,0.24200550539034182
31.7,31.655074383056604,0.04492561694339514
31.7,32.30624782125735,-0.6062478212573517
30.8,31.28997363158454,-0.4899736315845402
30.4,30.291477906458287,0.10852209354171194
30.6,29.809537104396316,0.7904628956036852
29.5,29.516442391504327,-0.016442391504327247
28.3,28.743455351057825,-0.44345535105782474
27.5,27.907225997181666,-0.40722599718166563
26.7,26.756613559159803,-0.05661355915980337
26.6,26.478856161870674,0.12114383812932772
28.0,26.336032596449467,1.663967403550533
27.8,26.356513624105716,1.4434863758942846
27.8,26.38178073932315,1.4182192606768496
26.9,26.402749456857382,0.4972505431426164
26.8,26.165491429066382,0.6345085709336189
25.6,26.02127825727778,-0.4212782572777769
24.8,25.767552597443476,-0.9675525974434755
24.7,25.587519976021266,-0.8875199760212666
24.6,25.459636714778657,-0.8596367147786559
24.5,25.339994615884354,-0.8399946158843541
25.0,25.33521047554228,-0.33521047554227934
26.2,26.33285544293583,-0.1328554429358313
28.7,28.973562482184192,-0.2735624821841931
30.1,30.291683780624563,-0.1916837806245617
31.0,30.85257440462553,0.14742559537447164
31.7,31.301264316084584,0.39873568391541525
32.6,31.417734572062834,1.1822654279371676
30.0,30.616893624316507,-0.6168936243165071
29.9,29.610461919183017,0.28953808081698185
28.7,29.24180749282872,-0.5418074928287204
27.1,28.325537520270135,-1.2255375202701337
27.0,26.698000847682568,0.3019991523174319
26.8,26.622380062348064,0.1776199376519365
26.6,26.51083551839244,0.08916448160756119
26.8,26.417316071986097,0.38268392801390405
26.5,26.362366964761048,0.13763303523895232
26.3,26.286459761196934,0.013540238803066984
26.0,26.178106399583562,-0.17810639958356234
25.9,25.724799985646115,0.17520001435388366
25.6,25.462330072852538,0.1376699271474635
25.6,25.344303457742804,0.25569654225719773
25.5,25.26143583094734,0.23856416905265831
25.4,25.189354912941354,0.21064508705864426
25.1,25.182863061436695,-0.08286306143669364
25.1,25.361878703421873,-0.26187870342187125
26.1,26.36830810729641,-0.2683081072964093
28.7,28.71976495226261,-0.019764952262612212
29.8,30.184047880744576,-0.38404788074457485
29.5,30.90382450361451,-1.4038245036145085
28.9,30.715368389326997,-1.8153683893269985
29.7,30.142187626360975,-0.4421876263609761
30.3,29.775787371660495,0.5242126283395052
30.3,29.59711284706003,0.7028871529399723
29.3,29.3651832958633,-0.0651832958632994
27.7,28.559000240988905,-0.8590002409889053
27.1,27.609418925524924,-0.5094189255249226
26.4,26.741462247237262,-0.3414622472372635
25.4,26.43185542604722,-1.0318554260472226
25.9,25.912500224877732,-0.012500224877733501
25.6,25.939516119879052,-0.3395161198790504
25.4,25.880820032019777,-0.4808200320197784
24.9,25.71204446131292,-0.8120444613129223
24.9,25.28017303537744,-0.3801730353774424
24.5,25.263205676101638,-0.7632056761016379
24.5,24.91848434285208,-0.4184843428520786
24.6,24.76734562075625,-0.16734562075624737
24.4,24.581593308717864,-0.18159330871786494
24.3,24.390916656561224,-0.09091665656122316
24.0,24.634495357594812,-0.6344953575948118
24.0,26.031722255503265,-2.031722255503265
27.3,26.61883683164108,0.6811631683589212
28.8,29.298927926385296,-0.4989279263852957
29.8,30.06484585336993,-0.2648458533699305
29.8,30.339004214422477,-0.5390042144224765
29.4,30.143600953397574,-0.7436009533975749
29.4,29.76167445858524,-0.3616744585852416
28.2,29.301423199169353,-1.1014231991693535
28.8,28.136234719708067,0.6637652802919334
28.4,27.009481026424783,1.3905189735752153
28.1,26.597789473007648,1.5022105269923536
27.2,26.443098669208865,0.7569013307911341
27.0,26.15449548273216,0.845504517267841
27.8,25.95129219299813,1.848707807001869
27.4,25.73936872501386,1.6606312749861374
27.1,25.504712890038245,1.595287109961756
26.6,25.21259532710142,1.3874046728985832
26.4,25.997468547056876,0.40253145294312276
26.0,25.870001459644808,0.1299985403551922
25.7,25.683154987484524,0.016845012515474878
25.4,25.465703364436884,-0.06570336443688518
25.2,25.258073514597996,-0.05807351459799648
25.0,25.12453676818907,-0.12453676818907056
25.0,25.0044864613606,-0.004486461360599492
26.2,25.338202643240127,0.8617973567598725
28.1,28.41950819045106,-0.31950819045106016
29.8,29.54926737218113,0.25073262781886996
31.1,30.670278583533616,0.4297214164663856
32.0,31.487987759400877,0.5120122405991232
32.5,31.750558927588358,0.749441072411642
32.6,31.255992887853886,1.344007112146116
32.2,30.7469915817709,1.4530084182291034
31.8,30.317975487135566,1.4820245128644345
27.6,29.736117030699965,-2.136117030699964
28.0,26.79360417258025,1.206395827419751
27.7,26.75914078403931,0.940859215960689
27.5,26.674825045793085,0.8251749542069149
26.5,26.56988688522998,-0.06988688522998032
26.3,26.270308817789466,0.02969118221053435
26.2,26.11681396056624,0.08318603943375891
26.2,26.017100587179613,0.1828994128203867
25.9,25.92014235181874,-0.020142351818741133
25.5,25.73042107616718,-0.230421076167179
25.4,25.48492808172505,-0.08492808172505306
25.3,25.288565549756846,0.01143445024315426
25.0,25.020254333662454,-0.02025433366245366
24.8,24.88012943691271,-0.0801294369127099
24.7,25.146027871505492,-0.4460278715054926
26.0,26.22517475701623,-0.22517475701623013
28.6,28.434513106900248,0.16548689309975373
30.4,30.000089488569525,0.3999105114304733
31.5,31.111725193930102,0.38827480606989795
32.2,31.99207145212255,0.2079285478774544
32.8,32.106929764714614,0.6930702352853828
31.9,31.59377521728235,0.3062247827176492
31.1,30.689482412471293,0.4105175875287088
31.0,29.914416450091196,1.0855835499088045
29.4,29.18112258617483,0.2188774138251688
28.5,28.100964208844562,0.39903579115543764
27.2,27.197293230755427,0.002706769244571916
26.6,26.6780393734898,-0.07803937348979773
26.7,26.342536839348487,0.3574631606515126
26.2,26.210387221028085,-0.010387221028086202
25.9,26.01213836479861,-0.11213836479861072
25.7,25.852206001185984,-0.15220600118598426
25.6,25.737689160018466,-0.1376891600184642
25.4,25.545642019645726,-0.14564201964572732
25.3,25.302528526960362,-0.0025285269603614324
25.2,25.114623475681984,0.0853765243180149
25.1,24.9466053732103,0.1533946267897015
25.1,24.75334511532982,0.3466548846701798
25.2,24.993917487072004,0.2060825129279955
26.0,26.3965300390087,-0.39653003900869876
28.1,28.44574342760777,-0.34574342760776844
30.0,29.68421337416851,0.315786625831489
31.2,30.95045792310518,0.24954207689481933
32.2,31.903374205340953,0.29662579465905026
32.5,32.47102468900457,0.028975310995427606
32.6,31.950232440129277,0.6497675598707247
32.6,30.964891419254496,1.6351085807455057
30.6,30.499355584184354,0.10064441581564765
27.7,29.65679475885052,-1.9567947588505206
27.4,26.73498367222656,0.66501632777344
26.6,26.65507475636418,-0.0550747563641778
26.1,26.37322111813982,-0.2732211181398192
26.5,26.16591096627539,0.3340890337246094
26.5,26.078813979565297,0.4211860204347033
26.3,25.997327816220942,0.3026721837790589
26.0,25.919138294835825,0.08086170516417468
24.5,25.722960040603727,-1.222960040603727
24.4,25.399323372935616,-0.999323372935617
24.4,25.15514404331546,-0.755144043315461
24.4,24.985048966129295,-0.5850489661292961
24.4,24.857525586382852,-0.4575255863828538
24.0,24.766836688487935,-0.7668366884879347
24.4,24.84778665849639,-0.44778665849639054
25.2,25.862441469946404,-0.6624414699464047
27.7,27.644272908518047,0.055727091481951874
29.1,29.475251626455954,-0.37525162645595245
30.4,30.303355411991188,0.09664458800881093
31.5,30.9408921206999,0.5591078793001003
32.3,31.38339801829416,0.9166019817058384
32.6,31.41627592792687,1.183724072073133
32.3,31.022143201591277,1.2778567984087204
29.7,30.380317477255087,-0.6803174772550875
27.4,28.897331509187467,-1.4973315091874682
27.1,26.858140501620824,0.24185949837917775
27.1,26.602554318178505,0.49744568182149607
26.9,26.450112375435957,0.44988762456404174
27.4,26.385397433296692,1.0146025667033065
27.2,26.418219050595027,0.7817809494049719
27.0,26.409859107880795,0.5901408921192051
26.7,26.346931358847932,0.35306864115206693
26.4,25.90306488615306,0.4969351138469378
26.0,25.812430156353482,0.18756984364651785
25.8,25.723811860455946,0.07618813954405468
25.7,25.5851732229496,0.1148267770503999
25.4,25.39040015283781,0.00959984716218898
25.3,25.153918888453198,0.1460811115468026
25.3,25.152436700667945,0.14756329933205592
26.2,26.12466072253409,0.07533927746590763
27.8,28.660659771369566,-0.8606597713695656
29.9,29.658828363684744,0.2411716363152543
31.6,30.76977298327993,0.8302270167200732
32.4,31.610327995906886,0.7896720040931129
32.4,31.90472522136592,0.4952747786340801
29.5,31.208979229576315,-1.7089792295763147
29.6,29.696970137641138,-0.09697013764113649
29.1,29.092103340159824,0.007896659840177733
28.9,27.96908113826782,0.9309188617321773
28.0,27.44269722843307,0.5573027715669312
27.5,26.997065380336863,0.5029346196631366
27.3,26.77638137356073,0.5236186264392693
27.3,26.68692860576308,0.6130713942369219
26.8,26.656377180421266,0.14362281957873435
26.4,26.558890053796162,-0.1588900537961635
26.1,26.4073516207223,-0.30735162072229727
26.0,26.078936300329612,-0.07893630032961241
25.7,25.906697688939268,-0.20669768893926843
25.6,25.763562568459893,-0.16356256845989137
25.4,25.658518771259878,-0.25851877125987954
25.1,25.561493799389385,-0.46149379938938395
25.4,25.485201400480626,-0.08520140048062785
25.5,25.541206608544897,-0.041206608544896994
26.3,26.225803885809825,0.07419611419017613
28.4,28.67893566188968,-0.27893566188967966
30.1,30.10532375920283,-0.0053237592028274605
31.1,30.86646409558241,0.2335359044175931
32.0,31.34446354913863,0.6555364508613692
32.8,31.324591647025088,1.4754083529749096
32.5,30.96843252572245,1.5315674742775514
28.0,30.737962503761285,-2.7379625037612847
27.4,29.286790378590776,-1.8867903785907778
27.7,27.034533770519808,0.6654662294801916
27.3,26.766485960065502,0.5335140399344986
26.7,26.648992617463,0.05100738253699788
26.3,26.445052261039514,-0.1450522610395133
27.2,26.310955777645404,0.8890442223545953
27.0,26.291666979146406,0.7083330208535941
26.9,26.216534414749646,0.6834655852503531
26.8,26.07866528283299,0.7213347171670108
26.8,25.77333636927048,1.0266636307295194
26.7,26.24919370478188,0.45080629521811844
26.2,26.19906042446448,0.0009395755355185997
25.8,25.970355999179553,-0.17035599917955224
25.7,25.756195530473654,-0.056195530473655
25.6,25.421915540150792,0.1780844598492095
25.3,25.499490271355782,-0.19949027135578135
26.3,26.557681007746567,-0.2576810077465659
28.0,28.92500804252804,-0.9250080425280416
29.4,30.070443223221794,-0.6704432232217954
30.9,30.94435923284154,-0.044359232841539864
31.6,31.452976759739233,0.14702324026076852
32.2,31.539253082102924,0.6607469178970788
32.4,31.65796193198208,0.7420380680179193
33.2,31.32624182671386,1.8737581732861415
27.8,30.948342181028345,-3.148342181028344
27.4,27.994477123986588,-0.5944771239865894
27.4,26.51546423524527,0.8845357647547303
27.5,26.375088501269715,1.1249114987302846
27.5,26.233948218262213,1.2660517817377865
28.9,26.10886718234392,2.7911328176560772
28.6,26.014951211318092,2.5850487886819096
28.2,25.918443845691964,2.281556154308035
27.9,25.811439198844607,2.088560801155392
27.6,26.383046254727038,1.2169537452729635
27.3,26.229708414172336,1.0702915858276647
27.0,26.135257134910198,0.8647428650898021
26.7,26.027471830218225,0.6725281697817742
26.4,25.882428789047406,0.5175712109525925
26.1,25.802248147608726,0.29775185239127566
26.0,25.975875480266872,0.024124519733128125
26.8,26.950320526806923,-0.15032052680692232
29.8,29.21544975788778,0.584550242112222
31.4,30.681007406809442,0.7189925931905563
32.1,32.004901855881656,0.09509814411834583
32.6,32.52384106024052,0.0761589397594804
33.0,32.36172869632032,0.6382713036796801
32.8,31.466940445022423,1.3330595549775737
31.6,30.883663704992482,0.7163362950075189
31.0,30.07002368601278,0.9299763139872184
28.5,29.32846865649722,-0.8284686564972183
28.3,27.519914423655823,0.7800855763441774
28.2,27.244965668663095,0.9550343313369041
28.3,26.94441151338693,1.355588486613069
27.0,26.806232331081425,0.193767668918575
27.1,26.57306740212209,0.5269325978779129
27.0,26.44792511731168,0.55207488268832
26.6,26.317794411172194,0.2822055888278072
26.0,26.174518205817044,-0.17451820581704425
25.7,26.04245833659579,-0.34245833659579006
25.5,25.846070667799026,-0.34607066779902595
25.4,25.57676495379737,-0.17676495379737034
25.4,25.322892544449875,0.07710745555012366
25.4,25.316576119685354,0.0834238803146441
25.5,25.752182134860703,-0.2521821348607034
26.5,26.864993562271046,-0.36499356227104585
28.4,29.061607941622505,-0.6616079416225062
29.9,30.046081918932,-0.1460819189320013
31.0,30.800553206867583,0.19944679313241664
31.4,31.50091552411566,-0.10091552411565985
31.8,31.682575135617203,0.11742486438279798
31.8,31.02050258097815,0.7794974190218511
28.6,30.476845023152027,-1.8768450231520255
28.8,28.136474139149072,0.6635258608509282
28.5,27.77233566795894,0.7276643320410585
28.3,27.145996796802542,1.1540032031974583
28.0,26.870899743372323,1.1291002566276767
27.6,26.690953596180748,0.9090464038192536
25.9,26.502950874161833,-0.6029508741618343
25.7,25.98258488925249,-0.28258488925249026
25.6,25.859497628686555,-0.25949762868655313
25.5,25.778734414693083,-0.27873441469308347
25.0,25.686852402541316,-0.6868524025413159
25.1,25.474631895132273,-0.37463189513227135
25.3,25.270333560176752,0.02966643982324868
24.8,25.096144897354144,-0.29614489735414296
25.3,24.90966113900874,0.39033886099126036
25.1,24.886302829582345,0.21369717041765668
25.0,25.25728135045862,-0.25728135045861933
25.9,26.34014671639656,-0.440146716396562
28.2,27.81036184790796,0.38963815209204
30.1,29.486176941842327,0.6138230581576742
31.2,30.669439509115595,0.5305604908844046
32.0,31.592567941431945,0.4074320585680553
32.4,31.866987760905467,0.533012239094532
31.3,31.41700312575582,-0.11700312575581862
29.3,30.285385765931665,-0.9853857659316638
29.1,29.46740805084665,-0.36740805084664885
28.6,28.871679552665228,-0.27167955266522625
28.6,28.114632978942012,0.48536702105798923
28.0,27.50750962003797,0.4924903799620317
27.9,27.016741985224314,0.8832580147756843
28.0,26.80210608526985,1.1978939147301517
27.7,26.690072568041824,1.0099274319581752
27.5,26.559477759928615,0.9405222400713846
27.2,26.456172475357164,0.7438275246428354
27.1,26.22326064062761,0.8767393593723902
26.7,26.144808244662165,0.5551917553378338
26.2,25.976387067833976,0.22361293216602363
25.6,25.724987449740773,-0.1249874497407717
25.4,25.444836787396156,-0.04483678739615726
25.5,25.205262807999464,0.29473719200053594
25.6,25.272091899036287,0.3279081009637146
25.7,26.34221590223459,-0.6422159022345895
27.3,28.37211411636667,-1.07211411636667
29.0,29.397932866054433,-0.39793286605443257
30.6,30.074111429991884,0.5258885700081173
31.8,31.216161281746768,0.583838718253233
32.7,31.836428458177238,0.8635715418227647
33.1,31.442228110232435,1.6577718897675666
32.1,31.16687645790312,0.9331235420968831
31.0,30.695860794207608,0.3041392057923922
30.0,30.024220489944163,-0.02422048994416315
29.4,29.19339059764996,0.20660940235003977
28.2,28.440355295300655,-0.24035529530065602
27.6,27.800797284642115,-0.200797284642114
27.2,27.142541412230564,0.057458587769435354
27.0,26.750709502297557,0.24929049770244305
26.8,26.556793606890547,0.24320639310945324
26.5,26.441547443655043,0.05845255634495672
26.4,26.23295177313583,0.16704822686416776
26.3,26.0375874564932,0.26241254350680165
26.1,25.86113895737936,0.23886104262064123
26.0,25.67016916023617,0.32983083976382943
25.8,25.50576863683763,0.2942313631623712
25.3,25.409050086447643,-0.1090500864476418
25.7,25.566241827667902,0.1337581723320973
26.5,26.244828570589057,0.25517142941094306
29.1,28.25128722315173,0.8487127768482701
30.3,30.07913737954388,0.2208626204561206
31.7,31.205690199473608,0.4943098005263913
32.9,32.145288565092216,0.754711434907783
33.6,32.433309179014124,1.1666908209858775
33.8,32.31210576443059,1.4878942355694065
33.1,31.80635241982901,1.2936475801709904
30.4,31.264626149323693,-0.8646261493236942
31.3,29.548737905602167,1.751262094397834
31.3,29.07392835099378,2.2260716490062222
30.6,28.699337384622027,1.9006626153779749
29.8,28.287912998518266,1.512087001481735
29.2,27.94986372305133,1.2501362769486697
28.8,27.782440496018836,1.0175595039811647
28.4,27.58210391111477,0.8178960888852274
28.0,27.06040793129589,0.9395920687041084
27.7,26.543177411709163,1.1568225882908365
27.3,26.442437322789935,0.8575626772100655
26.8,26.373270860737176,0.4267291392628252
26.4,26.280553845625533,0.11944615437446515
26.3,26.14615023267124,0.15384976732876154
26.1,26.026882707926415,0.07311729207358653
26.1,26.2030580653046,-0.10305806530459805
27.3,26.944269012351803,0.3557309876481973
28.5,29.599555013868258,-1.0995550138682582
30.4,30.182438061597427,0.21756193840257154
32.3,31.170485185980287,1.1295148140197107
33.3,32.05444123436942,1.2455587656305767
34.8,32.43953603169942,2.3604639683005786
34.3,32.51386704990108,1.7861329500989171
30.2,32.05491139927538,-1.8549113992753838
30.4,30.331474849170135,0.06852515082986343
31.1,29.60188264878863,1.49811735121137
30.5,29.236053460348177,1.2639465396518226
29.9,28.8684878835182,1.0315121164817995
29.5,28.30575306599678,1.1942469340032211
27.3,28.00273151857387,-0.7027315185738701
26.6,27.07192391789837,-0.4719239178983692
25.8,26.46180489515307,-0.6618048951530682
25.6,26.07204172850829,-0.4720417285082874
25.4,25.90393387693746,-0.503933876937463
25.4,25.40167154216664,-0.0016715421666404495
25.4,25.27105633250772,0.1289436674922797
25.6,25.12019517764553,0.4798048223544704
25.7,25.01973070874083,0.6802692912591688
25.7,24.936245636466452,0.7637543635335469
25.7,24.932180196997198,0.7678198030028014
26.1,26.184191282293487,-0.08419128229348516
28.8,28.07591102219974,0.7240889778002604
30.7,30.35918802563403,0.34081197436596966
31.9,31.480866602082703,0.419133397917296
32.9,32.66444337971293,0.23555662028707047
31.7,32.837179771116666,-1.1371797711166671
31.7,32.13315739001479,-0.43315739001478804
30.1,31.456717190636446,-1.356717190636445
29.6,30.53858638468498,-0.938586384684978
28.7,29.643568361531685,-0.9435683615316854
27.5,29.083131616604096,-1.5831316166040956
26.6,27.627319091266077,-1.027319091266076
26.1,26.447877675973277,-0.347877675973276
25.5,26.151004826941243,-0.651004826941243
25.6,25.83748236938875,-0.23748236938874712
25.7,25.55965704070555,0.1403429592944505
26.0,25.127238092159324,0.8727619078406761
26.0,25.726515308665235,0.2734846913347653
25.6,25.508345515804535,0.09165448419546607
25.3,25.311578847360305,-0.011578847360304678
25.2,25.187119328379076,0.012880671620923323
25.2,25.072910678891258,0.12708932110874116
25.4,25.040912735277953,0.3590872647220458
25.6,25.387019957476603,0.21298004252339808
26.4,26.8881960056584,-0.48819600565840204
27.3,28.76334831854178,-1.4633483185417795
29.0,29.30220615827292,-0.3022061582729201
28.8,29.909551942705708,-1.109551942705707
27.6,29.643441792289305,-2.043441792289304
27.2,28.74434576125248,-1.5443457612524796
26.4,27.576015842046296,-1.1760158420462972
26.3,26.46736969333976,-0.16736969333975793
26.6,26.168902602913484,0.43109739708651773
26.7,26.059750704443637,0.6402492955563623
26.5,26.010083163534215,0.48991683646578466
25.8,25.95109056730992,-0.1510905673099181
25.2,25.704468185781934,-0.5044681857819349
25.5,25.364607111439796,0.13539288856020448
25.3,25.27863721055661,0.02136278944339054
25.0,25.188339172643758,-0.188339172643758
25.0,25.09057301837068,-0.0905730183706801
25.1,25.12912069900229,-0.029120699002287864
25.0,24.871555654135825,0.12844434586417464
25.0,24.694394649846345,0.3056053501536553
24.9,24.567408702575243,0.3325912974247558
24.9,24.499383487942943,0.40061651205705573
24.9,24.610253187710782,0.2897468122892164
25.1,25.025906402669413,0.07409359733058807
25.9,26.22953440359155,-0.32953440359155195
25.9,27.410185218973787,-1.5101852189737883
26.3,27.08551988855396,-0.78551988855396
26.2,26.73444269935283,-0.5344426993528302
26.6,26.326547161087603,0.273452838912398
27.2,26.396157235058414,0.8038427649415851
27.2,26.447919629694177,0.7520803703058228
26.9,26.292206004801024,0.6077939951989748
26.9,26.18777186420347,0.7122281357965292
27.0,26.09597499863294,0.9040250013670601
27.0,26.058581133836068,0.9414188661639322
26.3,26.038516280010363,0.2614837199896378
26.0,25.904787112949037,0.09521288705096254
25.3,25.745923418589914,-0.44592341858991347
25.1,25.270459598359373,-0.17045959835937197
24.9,25.10741734880249,-0.2074173488024904
24.7,24.991607554143574,-0.29160755414357453
24.6,24.892397094348,-0.2923970943479972
24.5,24.692902371925687,-0.19290237192568682
24.5,24.500484197801857,-0.0004841978018568227
24.5,24.344347495301303,0.15565250469869696
24.4,24.28723166426263,0.11276833573736766
24.3,24.370342516427367,-0.07034251642736677
24.5,24.664464475911714,-0.1644644759117142
25.2,25.386168668684142,-0.18616866868414306
27.0,26.800042741089165,0.19995725891083538
28.2,28.812579328329928,-0.6125793283299288
28.9,29.211483626593314,-0.31148362659331497
27.2,29.303061872563365,-2.103061872563366
26.5,27.097162355888862,-0.5971623558888624
26.5,26.660030429008167,-0.16003042900816666
29.2,26.398169951542148,2.8018300484578518
28.6,26.480106630581414,2.1198933694185875
27.7,26.402709273335674,1.2972907266643254
27.5,26.365994279929755,1.1340057200702454
26.9,26.313612138556124,0.5863878614438747
26.3,26.19650248662895,0.10349751337104962
26.4,25.992801239861613,0.4071987601383853
26.1,25.905312154030018,0.1946878459699839
26.0,25.810346277862145,0.18965372213785514
25.5,25.71168847425498,-0.21168847425498072
25.0,25.448198041625982,-0.4481980416259823
24.6,25.180250247426148,-0.5802502474261466
24.4,24.939278872785607,-0.5392788727856086
24.3,24.75337273043725,-0.45337273043724835
24.3,24.64444458514554,-0.34444458514553844
24.3,24.632637356520647,-0.33263735652064597
24.4,24.795070657554746,-0.39507065755474713
25.0,25.24699153658294,-0.24699153658293937
26.1,26.48389627301622,-0.3838962730162194
26.6,27.498201625017828,-0.8982016250178262
26.7,27.94017046630407,-1.2401704663040718
27.0,27.857871294724827,-0.857871294724827
26.7,27.874943848087742,-1.174943848087743
26.8,27.3001202517596,-0.5001202517596006
26.9,26.923041226165513,-0.02304122616551396
27.1,26.681890353326686,0.4181096466733152
27.1,26.399870935947796,0.7001290640522058
26.9,26.29274432237596,0.607255677624039
26.5,26.196166502821907,0.3038334971780934
26.3,26.09735504592469,0.20264495407531058
26.9,26.014909080577272,0.8850909194227263
26.7,26.035929310908053,0.6640706890919468
26.6,26.025004526581434,0.5749954734185678
26.6,26.04742445341502,0.5525755465849826
26.3,25.777046352741554,0.5229536472584471
25.9,25.651082341465226,0.2489176585347721
25.6,25.548903434641005,0.051096565358996315
25.4,25.431925131494037,-0.031925131494038084
24.6,25.256550081171522,-0.6565500811715204
24.7,25.08926253990726,-0.3892625399072607
24.7,25.154853199587862,-0.45485319958786263
25.4,25.625781061403345,-0.22578106140334597
26.8,26.655416227788727,0.1445837722112735
27.3,27.293123495189796,0.006876504810204409
28.4,28.531811043486474,-0.13181104348647565
29.0,29.273050800525564,-0.27305080052556363
29.8,29.500251795634913,0.29974820436508764
28.2,29.35712446403199,-1.157124464031991
29.3,27.86948499632282,1.4305150036771792
29.5,28.041652180175685,1.458347819824315
29.2,28.00428398326713,1.1957160167328702
28.8,27.85229131708005,0.9477086829199521
27.9,27.44924245144343,0.45075754855657024
27.3,26.86919309432926,0.4308069056707424
27.5,26.666751432798506,0.833248567201494
27.1,26.66038234460796,0.43961765539204123
26.7,26.64903775754245,0.050962242457547546
26.5,26.62358556799927,-0.123585567999271
25.0,26.1955883557651,-1.1955883557651
24.8,25.99108697896201,-1.1910869789620087
24.5,25.819004853180427,-1.3190048531804273
24.1,25.61104344503248,-1.5110434450324775
24.1,25.468707038429496,-1.3687070384294948
24.3,25.4375835732181,-1.137583573218098
24.5,25.499480358240294,-0.9994803582402945
25.3,25.869323473353454,-0.5693234733534531
26.6,27.656585883052706,-1.0565858830527048
27.8,28.619401561731895,-0.8194015617318939
28.8,29.425124187795895,-0.625124187795894
30.2,29.836467675796484,0.3635323242035149
29.3,30.09469566026115,-0.7946956602611479
26.7,28.94599410801438,-2.2459941080143793
28.6,26.69310872518965,1.9068912748103521
29.7,26.83150767772511,2.8684923222748893
29.5,26.7866255162972,2.7133744837028004
29.4,26.717415418834307,2.682584581165692
28.8,26.685473767555376,2.114526232444625
28.3,26.654972792890597,1.645027207109404
27.8,26.61304168628425,1.1869583137157491
27.7,26.530360107424094,1.1696398925759048
26.7,26.467555741275063,0.2324442587249358
26.5,26.19511748277946,0.30488251722054116
26.4,25.770958283673078,0.6290417163269204
26.2,26.13637979523912,0.06362020476088048
25.0,25.989024165841084,-0.9890241658410837
24.8,25.610116922774267,-0.8101169227742666
24.6,25.22516161714076,-0.6251616171407584
24.4,24.945278785934214,-0.5452787859342152
24.5,24.961900602327322,-0.4619006023273222
24.8,25.74501247408461,-0.94501247408461
27.2,26.533428039647454,0.6665719603525453
28.5,29.196795575799882,-0.6967955757998823
28.5,30.15195133703616,-1.6519513370361594
29.1,30.250921580801087,-1.1509215808010858
30.3,30.21314075046038,0.08685924953962143
29.0,30.121819183373475,-1.121819183373475
27.5,28.73494370227266,-1.234943702272659
28.4,26.841508595092307,1.5584914049076914
29.1,26.527215702595548,2.5727842974044535
28.6,26.409217941732678,2.190782058267324
28.0,26.315816744632503,1.684183255367497
27.5,26.20510494663278,1.2948950533672203
26.3,26.043008160465487,0.2569918395345141
26.3,25.853412745976627,0.44658725402337396
26.4,25.6632103301841,0.7367896698158987
26.3,25.49215651311439,0.8078434868856093
26.0,25.785741394163235,0.21425860583676481
26.0,25.496466240072436,0.5035337599275636
25.9,25.274060714580006,0.6259392854199923
26.0,25.105601301449227,0.8943986985507735
25.4,24.972295920074973,0.4277040799250251
25.4,24.835816394525715,0.5641836054742839
25.7,25.140459001860656,0.5595409981393438
26.7,26.088243476632627,0.6117565233673723
27.6,29.183872059563164,-1.5838720595631628
27.6,29.469767018292757,-1.8697670182927553
28.3,29.404864080999076,-1.104864080999075
29.9,29.366683185640493,0.5333168143595053
30.4,29.359456170410507,1.0405438295894918
30.8,29.20330265101761,1.5966973489823921
27.5,29.20213378848972,-1.7021337884897214
27.2,27.260726637188096,-0.06072663718809679
28.2,26.81494038346718,1.3850596165328177
27.6,26.742143331377207,0.8578566686227944
27.0,26.654073266170094,0.3459267338299057
26.3,26.486972702195715,-0.18697270219571394
26.2,26.232050387706177,-0.032050387706178185
26.1,26.102363116464822,-0.0023631164648207914
25.9,25.993144127445518,-0.09314412744551959
25.9,25.890036928163887,0.009963071836111226
25.8,25.850748242149614,-0.05074824214961282
25.7,25.68998547809502,0.010014521904977869
25.4,25.415099565173684,-0.015099565173684937
25.2,25.195466879698948,0.004533120301051241
25.3,25.028147828889033,0.27185217111096804
25.4,25.087556952983707,0.31244304701629133
25.6,25.427885713952936,0.1721142860470657
26.7,26.294191283197247,0.40580871680275266
28.3,28.44416458694652,-0.1441645869465198
29.8,29.528864941369104,0.2711350586308967
30.8,30.096204401034313,0.7037955989656872
31.4,30.28068270071268,1.1193172992873173
30.0,30.29283228586172,-0.2928322858617207
29.1,29.004358991604434,0.09564100839556744
29.7,28.631804639405534,1.0681953605944656
28.3,28.52448719836057,-0.22448719836057052
28.4,27.57082344951507,0.8291765504849273
27.5,26.742686959549726,0.7573130404502741
26.9,26.54108025672387,0.35891974327612886
26.7,26.362654799150015,0.33734520084998465
27.7,26.266916231033903,1.433083768966096
27.2,26.290522368347478,0.9094776316525213
26.8,26.228582744504784,0.5714172554952164
26.3,26.133373288927796,0.16662671107220461
26.0,26.003124864541903,-0.003124864541902639
26.0,25.826608389779004,0.17339161022099603
25.6,25.63478907404255,-0.03478907404254983
24.9,25.44355817251823,-0.5435581725182317
24.6,25.25687668292284,-0.6568766829228387
24.7,25.146043980318158,-0.4460439803181586
25.0,25.351965233894866,-0.351965233894866
25.9,25.977688164241666,-0.07768816424166758
27.8,27.542547239069993,0.2574527609300077
29.0,29.093315926607808,-0.09331592660780785
30.3,29.70849767479336,0.5915023252066405
31.3,30.154349602904375,1.1456503970956256
31.5,29.96691206123317,1.5330879387668297
31.9,29.964131786378857,1.9358682136211414
32.4,29.95424274560073,2.4457572543992683
32.1,29.85662210170141,2.24337789829859
31.0,29.59229294869423,1.4077070513057706
29.8,29.022006284390706,0.7779937156092949
28.6,28.224676792275826,0.3753232077241755
27.9,27.398090620637216,0.5019093793627825
28.0,26.867973161554616,1.132026838445384
27.9,26.763411566615087,1.1365884333849117
27.5,26.66327750538997,0.8367224946100293
27.2,26.48960109395917,0.7103989060408296
26.8,26.347244684105295,0.45275531589470575
26.6,26.18852632310001,0.41147367689999115
26.3,25.956361335410463,0.3436386645895375
26.0,25.727235779737246,0.27276422026275426
25.6,25.593596007735222,0.00640399226477939
25.4,25.556354557088966,-0.15635455708896728
25.3,25.766369219282197,-0.4663692192821962
25.9,26.29686516907999,-0.3968651690799909
29.2,28.11833499651671,1.0816650034832875
30.3,29.978911887530387,0.32108811246961366
30.9,30.986853926616316,-0.08685392661631752
31.2,31.339666663362358,-0.1396666633623589
32.0,31.199755075615506,0.8002449243844936
32.4,30.990000986743652,1.4099990132563462
31.9,30.79474553735146,1.1052544626485385
29.7,30.422405379255054,-0.7224053792550542
29.3,29.506461477388026,-0.20646147738802512
27.8,28.889738947823894,-1.0897389478238928
26.9,27.372546756903265,-0.47254675690326664
26.7,26.837286492994373,-0.1372864929943738
27.4,26.60598301699763,0.7940169830023684
27.3,26.559225506543452,0.7407744934565486
27.1,26.51587704569734,0.5841229543026607
26.7,26.460505214904735,0.239494785095264
26.5,26.355978315869407,0.14402168413059258
26.0,26.094992892120032,-0.09499289212003248
25.8,25.87399219670807,-0.073992196708069
25.7,25.651736430067462,0.04826356993253711
25.4,25.508601486608004,-0.10860148660800562
25.2,25.39672578263814,-0.1967257826381399
24.9,25.48100355011165,-0.581003550111653
24.8,26.10914846699587,-1.3091484669958682
27.4,27.084401166918248,0.31559883308175074
28.3,28.64317763816811,-0.34317763816810753
28.4,29.1902870844228,-0.7902870844228005
29.8,29.157700903617283,0.6422990963827182
30.7,29.475899873400845,1.2241001265991542
31.3,29.461026836791625,1.838973163208376
29.7,29.272419016433176,0.4275809835668234
28.6,28.522382077478902,0.07761792252109956
28.6,28.164005781685606,0.435994218314395
27.7,27.77856880485138,-0.07856880485137907
27.0,26.89602524265423,0.103974757345771
26.7,26.556139164248474,0.14386083575152497
27.1,26.433116869992965,0.6668831300070366
27.1,26.44332596278539,0.6566740372146107
26.4,26.48485129548146,-0.0848512954814602
25.8,26.22856575059252,-0.42856575059251867
25.5,26.067040384725093,-0.5670403847250931
25.5,25.67796016092941,-0.17796016092940903
25.5,25.450373970475415,0.04962602952458539
25.4,25.263572107334824,0.13642789266517497
25.4,25.111157956719623,0.28884204328037555
25.3,25.066223220375647,0.23377677962435328
25.2,25.18605242932477,0.013947570675227894
25.4,25.8715487907604,-0.47154879076040146
28.0,26.97834331110987,1.021656688890129
27.4,28.573180421633538,-1.173180421633539
26.4,28.700536517556134,-2.300536517556136
26.4,27.63916094941271,-1.2391609494127103
27.0,26.77268847251188,0.22731152748811922
27.5,26.723740783104756,0.7762592168952445
27.8,26.96810837340921,0.8318916265907923
28.0,27.065212473183678,0.9347875268163222
27.8,26.839917894096455,0.9600821059035454
25.7,26.60737864204229,-0.9073786420422891
25.4,26.11628891948526,-0.7162889194852617
25.3,25.807685491453437,-0.5076854914534366
25.4,25.746655749996528,-0.34665574999652904
25.4,25.7371779264912,-0.3371779264912007
25.3,25.747135650998057,-0.44713565099805663
25.2,25.720267567629445,-0.5202675676294461
25.0,25.52731691758802,-0.5273169175880206
24.8,25.595520922338928,-0.7955209223389268
24.7,25.40107675523741,-0.7010767552374091
24.5,25.22074833352986,-0.7207483335298583
24.4,24.9579950118453,-0.5579950118452999
24.3,24.538070483251133,-0.238070483251132
24.5,24.554446595996094,-0.054446595996093805
25.2,25.499223502337227,-0.2992235023372274
27.3,27.321789215840056,-0.02178921584005522
28.2,29.472283710487062,-1.2722837104870628
29.4,29.994999811846544,-0.5949998118465452
30.3,30.030455485545755,0.2695445144542461
26.4,30.033238946758615,-3.633238946758617
27.2,28.44571935289873,-1.2457193528987318
29.0,27.498013696245877,1.5019863037541228
27.6,27.000896710962692,0.5991032890373091
27.4,26.458546312476503,0.9414536875234951
27.3,26.29092632780358,1.009073672196422
26.8,26.12428136884679,0.6757186311532095
26.6,25.93433032133983,0.6656696786601728
27.3,25.69901260888552,1.6009873911144794
26.6,25.474671016534465,1.1253289834655362
26.2,25.190540415341665,1.0094595846583339
25.9,24.868729885162224,1.031270114837774
25.7,25.69846685647397,0.0015331435260286241
25.5,25.360024065726176,0.13997593427382427
25.4,25.19824998687197,0.2017500131280272
25.0,25.0262673462851,-0.02626734628509908
23.7,24.826000994034064,-1.1260009940340652
23.9,24.836993576989816,-0.936993576989817
24.1,24.768934551552906,-0.6689345515529048
24.9,25.070721650567787,-0.17072165056778843
26.1,26.25486347578078,-0.15486347578077897
26.7,27.54105826920908,-0.841058269209082
28.0,27.80413012717488,0.1958698728251207
28.7,28.790071245576474,-0.09007124557647472
29.3,29.00806189427873,0.29193810572127177
30.0,29.14077549806238,0.8592245019376215
30.2,29.125544350156186,1.074455649843813
30.0,29.077492116011413,0.9225078839885867
29.5,28.858643982819522,0.6413560171804775
29.2,28.49974477018428,0.7002552298157205
28.4,27.926271216271548,0.4737287837284505
27.8,27.229217003022494,0.5707829969775062
28.0,26.744335546059226,1.2556644539407742
27.5,26.59289398713626,0.9071060128637392
27.2,26.379319808403462,0.8206801915965372
27.0,26.22823330718386,0.77176669281614
26.9,26.027016003925734,0.8729839960742645
26.6,26.08750565760851,0.5124943423914914
26.3,25.809745826295494,0.49025417370450697
26.3,25.518148701921746,0.781851298078255
26.1,25.262866151896205,0.8371338481037967
25.9,25.18669926011031,0.7133007398896893
25.8,25.2978976858685,0.502102314131502
26.9,26.158008443032926,0.7419915569670721
28.4,28.732788484753797,-0.33278848475379874
29.7,29.72743172537385,-0.027431725373851634
30.8,30.25546568213244,0.5445343178675621
30.4,30.46861961557655,-0.0686196155765515
31.6,30.334829730682863,1.2651702693171387
30.5,30.42275056809791,0.07724943190208933
29.6,29.677882964830356,-0.07788296483035495
29.3,29.10939907138614,0.19060092861386124
29.3,28.74939330723464,0.5506066927653599
28.6,28.355140738413606,0.24485926158639515
27.9,27.68430275480742,0.2156972451925796
27.3,26.96502477492298,0.33497522507702016
26.2,26.603342056819898,-0.40334205681989843
26.2,26.153524882514017,0.046475117485982764
26.1,26.02814698419087,0.07185301580913261
25.8,25.969642431884395,-0.16964243188439454
25.5,25.89777499990122,-0.3977749999012197
25.4,25.68057191282044,-0.2805719128204416
25.3,25.472964721531234,-0.17296472153123332
25.2,25.28119036885431,-0.08119036885431186
25.1,25.087334261925086,0.012665738074915112
25.1,24.95921113869167,0.14078886130833013
25.0,25.360427317102598,-0.360427317102598
25.4,26.383395692047962,-0.9833956920479636
27.2,27.469274003396794,-0.2692740033967951
28.4,28.946918860073396,-0.5469188600733972
29.2,29.594051641593605,-0.39405164159360595
28.9,29.808334077023982,-0.9083340770239836
28.3,29.277777409393828,-0.977777409393827
28.7,28.3507406427867,0.3492593572132989
30.0,28.350395011394045,1.6496049886059545
27.1,28.4022922952084,-1.3022922952083995
28.2,26.487032003868716,1.7129679961312831
27.7,26.55854698919234,1.141453010807659
26.9,26.425712303783808,0.4742876962161908
26.6,26.29738189022476,0.30261810977524206
25.1,26.16114665216429,-1.0611466521642896
25.1,25.687275657168634,-0.5872756571686324
25.2,25.402635061588008,-0.20263506158800837
24.9,25.33275184588154,-0.4327518458815405
24.7,25.291303693870336,-0.5913036938703371
24.5,25.079275253073856,-0.5792752530738561
24.1,24.893857508683162,-0.7938575086831605
23.9,24.709655183059162,-0.8096551830591636
23.8,24.55838812152176,-0.758388121521758
23.8,24.48343930380135,-0.6834393038013502
24.2,24.594499831042317,-0.39449983104231734
25.0,25.276044399796955,-0.2760443997969553
27.2,26.418469356761076,0.7815306432389235
28.3,28.417010793427973,-0.11701079342797271
29.4,29.225381106426646,0.1746188935733528
30.1,29.728082804637452,0.3719171953625491
30.4,29.917374984004358,0.4826250159956409
29.0,29.699052245933284,-0.6990522459332844
29.1,28.81742489458404,0.28257510541596176
29.3,28.440537625817655,0.8594623741823462
27.5,28.291756100968737,-0.7917561009687368
27.2,26.57911440256926,0.620885597430739
26.8,26.213092970496326,0.5869070295036742
26.4,26.08672110532567,0.3132788946743297
26.4,25.9073344295894,0.49266557041059755
26.1,25.89087051496441,0.20912948503559292
25.7,25.886182319418655,-0.1861823194186556
25.4,25.80380840117844,-0.4038084011784413
24.8,25.50049662959765,-0.700496629597648
24.2,25.228708742285974,-1.0287087422859749
23.8,24.920133460421336,-1.1201334604213358
23.6,24.70380078028431,-1.1038007802843097
23.7,24.541397041576754,-0.8413970415767551
23.8,24.460655069973612,-0.6606550699736111
24.0,24.52884916160903,-0.5288491616090312
24.7,25.166216639274786,-0.46621663927478707
26.8,26.413188852564964,0.3868111474350364
28.2,28.045561753605895,0.15443824639410408
29.2,29.087331945251947,0.11266805474805253
29.4,29.5984010210136,-0.19840102101360202
29.5,29.651858027337912,-0.1518580273379122
29.4,29.247867061690172,0.15213293830982622
29.1,28.879231753487176,0.22076824651282578
29.8,28.56620229641025,1.233797703589751
28.1,28.43304986024637,-0.3330498602463692
27.8,26.698968438562083,1.1010315614379174
27.4,26.518920195131983,0.8810798048680155
27.3,26.429544430999275,0.8704555690007254
27.4,26.407491820498475,0.9925081795015238
27.2,26.4135949362601,0.7864050637398989
27.1,26.421576056346787,0.6784239436532147
24.9,26.424312784300923,-1.5243127843009248
24.8,25.558971088517822,-0.7589710885178214
24.6,25.34823790247169,-0.7482379024716899
24.5,25.196141856651675,-0.6961418566516748
24.5,25.074982343008156,-0.5749823430081555
24.3,24.992131887144875,-0.6921318871448747
24.3,24.978620310735867,-0.6786203107358659
24.2,25.03765273644203,-0.8376527364420312
24.8,25.506636211462673,-0.7066362114626727
27.0,26.437480233986594,0.5625197660134056
28.3,28.716629752469874,-0.41662975246987344
29.3,29.430909198762336,-0.13090919876233542
27.7,29.81173339053648,-2.1117333905364823
29.2,28.702112348878757,0.49788765112124267
30.0,28.87310704129538,1.1268929587046195
30.1,28.864297467985836,1.235702532014166
29.6,28.76348462387973,0.8365153761202713
29.1,28.379228369907988,0.7207716300920133
28.5,27.903191270668426,0.596808729331574
27.9,27.31616896616361,0.5838310338363897
27.6,26.959801094121,0.6401989058790001
28.1,26.77009822854106,1.3299017714589425
27.6,26.74755899028179,0.8524410097182127
27.2,26.713825897418396,0.48617410258160376
26.9,26.379886626185424,0.5201133738145742
26.4,26.24870707702341,0.15129292297658736
25.1,26.364615117737603,-1.264615117737602
24.8,25.915835811219242,-1.1158358112192417
24.5,25.637963572257398,-1.137963572257398
24.3,25.19321129188578,-0.8932112918857804
24.3,24.968729676778466,-0.6687296767784652
24.2,24.927210539779576,-0.727210539779577
24.9,25.653369969883812,-0.7533699698838134
28.4,27.881060859913042,0.5189391400869567
27.9,30.396628800709546,-2.496628800709548
27.6,29.863831768979292,-2.2638317689792906
29.0,29.80149597455695,-0.8014959745569499
29.8,29.716989674367476,0.0830103256325252
30.0,29.591736044027755,0.4082639559722452
27.7,29.199994679783526,-1.4999946797835264
26.8,26.599094286833648,0.2009057131663532
27.1,26.279536689168584,0.8204633108314177
27.2,26.146640931887855,1.0533590681121439
27.0,25.988413801158945,1.011586198841055
26.5,25.832265946403467,0.6677340535965328
27.0,25.673499790019942,1.3265002099800576
26.9,25.500989630073217,1.3990103699267813
26.4,25.33708263821,1.0629173617899994
25.5,25.15831712537095,0.34168287462905056
24.5,25.688994166546305,-1.1889941665463049
24.3,25.53344817951683,-1.2334481795168308
24.4,25.294372865233132,-0.8943728652331338
24.5,25.01871036592533,-0.5187103659253296
24.6,24.83674150062457,-0.2367415006245679
24.5,24.714044568980945,-0.21404456898094537
24.1,24.77432640127833,-0.6743264012783285
24.0,24.990327169066454,-0.9903271690664539
26.2,25.115303409192453,1.084696590807546
26.5,27.699521267916865,-1.1995212679168645
28.0,27.998762953255515,0.0012370467444853261
28.4,29.158407036075825,-0.7584070360758268
27.8,29.32473052685896,-1.52473052685896
27.5,28.68225301517949,-1.1822530151794908
28.1,28.372137305976114,-0.27213730597611274
28.3,28.42773306696678,-0.12773306696677977
27.5,28.073867946799826,-0.573867946799826
26.5,27.30232322040173,-0.8023232204017283
25.9,25.980322574682383,-0.08032257468238413
25.6,25.765080868308704,-0.16508086830870283
26.6,25.679386941479883,0.920613058520118
26.3,25.708194101045752,0.5918058989542487
25.9,25.623196747599824,0.27680325240017467
25.5,25.463640728335875,0.036359271664125004
25.2,25.247212811482207,-0.047212811482207684
25.1,25.24092559500439,-0.14092559500438995
25.0,25.11581375762012,-0.11581375762012058
25.0,24.94280475554049,0.05719524445951052
24.8,24.783134381408598,0.01686561859140312
24.7,24.655328123830934,0.04467187616906543
24.6,24.782390543707223,-0.1823905437072213
25.3,25.96695084400971,-0.6669508440097083
26.2,26.684366950509244,-0.4843669505092443
27.0,27.57367993144469,-0.5736799314446905
28.1,28.64074326023633,-0.5407432602363293
29.3,29.077881205794288,0.2221187942057128
29.5,29.367823902001195,0.13217609799880492
29.7,29.16214587379376,0.5378541262062377
28.3,28.94624034272228,-0.6462403427222796
29.2,27.19839376359442,2.0016062364055784
28.3,27.26253343525057,1.0374665647494297
26.5,26.75141713942541,-0.2514171394254099
26.0,26.21003601350797,-0.2100360135079704
25.8,25.859728462661472,-0.05972846266147158
26.6,25.795582639563122,0.8044173604368794
26.4,25.857572537062932,0.5424274629370665
26.1,25.847514265241845,0.2524857347581566
26.1,25.790458266935936,0.30954173306406574
25.9,25.646458050110382,0.2535419498896161
25.6,25.653373864322038,-0.053373864322036724
25.3,25.51220508110751,-0.21220508110750913
25.1,25.33736817134001,-0.23736817134000887
25.2,25.150437614718008,0.049562385281991084
25.3,25.013974729041173,0.28602527095882735
24.9,25.09665931723996,-0.19665931723996266
25.4,25.97779526129291,-0.5777952612929127
28.0,26.566174954539797,1.4338250454602033
28.6,28.965003746100457,-0.36500374610045583
29.2,29.488750811470602,-0.288750811470603
29.8,29.806512188013375,-0.006512188013374498
30.2,29.96603439647272,0.23396560352728102
30.1,29.711587380466806,0.38841261953319517
29.4,29.38621591758844,0.013784082411557819
29.5,29.02884668811669,0.47115331188330956
29.6,28.710197556678057,0.889802443321944
29.0,28.36078068155609,0.6392193184439101
28.1,27.892551930961865,0.2074480690381364
27.6,27.05576885877778,0.5442311412222232
27.6,26.72767398869421,0.8723260113057911
27.2,26.587763241791976,0.6122367582080237
27.0,26.465466552186143,0.5345334478138568
26.8,26.408505967616797,0.39149403238320346
26.6,26.14102125752615,0.4589787424738532
26.3,26.09026008755459,0.20973991244541068
26.2,25.93358736873805,0.26641263126195014
25.8,25.766578810866783,0.03342118913321812
25.6,25.522390807270575,0.07760919272942601
25.4,25.304642498838,0.09535750116199893
25.3,25.436514903964596,-0.13651490396459565
25.9,26.10494530602931,-0.2049453060293125
27.0,27.32152240256652,-0.32152240256651865
28.6,28.908941537622134,-0.3089415376221325
29.8,29.961124926027697,-0.16112492602769635
30.7,30.791896932808253,-0.09189693280825395
31.6,31.032728992772217,0.5672710072277845
32.1,30.803204965260402,1.2967950347395991
32.0,30.509434744355932,1.4905652556440678
31.6,30.264291364254646,1.3357086357453554
31.2,29.923541472897135,1.2764585271028643
30.6,29.515833797021383,1.0841662029786185
29.8,29.062592880454122,0.7374071195458782
29.0,28.489002847434417,0.510997152565583
28.8,27.946138338847266,0.8538616611527345
28.3,27.65139459689598,0.6486054031040211
28.0,27.336287412769916,0.6637125872300835
27.6,27.031800627219038,0.5681993727809633
27.1,26.534095758783483,0.5659042412165185
26.6,26.44010827171021,0.15989172828979292
26.2,26.353245659373417,-0.15324565937341816
25.8,26.187208055760138,-0.38720805576013717
25.9,25.93508194791766,-0.03508194791766073
26.1,25.704354184953832,0.39564581504616925
25.9,25.74415852999336,0.15584147000663862
26.2,26.44920196199041,-0.249201961990412
28.5,28.863141881951904,-0.3631418819519041
30.3,30.391318557166972,-0.09131855716697146
31.6,31.63161003869848,-0.031610038698477894
32.3,32.31861018434953,-0.018610184349533654
32.7,32.50986179720442,0.19013820279558047
33.1,32.307400574972576,0.7925994250274258
33.3,31.83937194539725,1.460628054602747
32.7,31.449684897317816,1.2503151026821868
32.5,30.963140692251493,1.5368593077485073
31.3,30.442358356491688,0.8576416435083125
29.7,29.670470963784584,0.029529036215414806
28.4,28.719631125203534,-0.31963112520353576
28.5,27.98027654179624,0.5197234582037602
27.9,27.82591729630652,0.07408270369347747
27.6,27.687251353477603,-0.08725135347760116
27.4,27.468787840315613,-0.0687878403156148
27.0,27.012998456478513,-0.012998456478513276
26.5,26.59019797376359,-0.09019797376359051
25.8,26.390674220074494,-0.5906742200744937
25.6,26.180638315490935,-0.5806383154909334
25.4,26.000061357816527,-0.6000613578165286
25.3,25.976978314364818,-0.6769783143648169
25.2,26.134780951326974,-0.9347809513269745
26.2,26.77951559974391,-0.5795155997439103
28.1,28.77824365966085,-0.678243659660847
29.2,29.798378122716315,-0.5983781227163156
28.5,30.659209173932837,-2.1592091739328367
30.0,30.636005048856248,-0.6360050488562479
30.8,30.92364365379207,-0.12364365379206887
31.7,30.942602133121436,0.7573978668785628
32.1,30.875241805306455,1.2247581946935462
30.8,30.70174989288666,0.09825010711334059
29.6,30.198549352542944,-0.5985493525429426
28.4,29.433207271356164,-1.033207271356165
27.7,27.854840934979364,-0.15484093497936513
27.4,27.29000617440892,0.10999382559107929
28.0,26.94469872820618,1.0553012717938195
27.7,26.99875468142783,0.7012453185721697
27.6,27.01830082263467,0.58169917736533
27.4,26.796234511562815,0.6037654884371833
27.2,26.363354735911376,0.8366452640886237
27.0,26.453040461922978,0.5469595380770222
26.8,26.265209936030672,0.5347900639693286
26.3,26.048496132007152,0.25150386799284874
25.9,25.765837805484118,0.13416219451588063
25.7,25.41723849685996,0.28276150314004056
25.2,25.416044851543354,-0.21604485154335507
25.8,26.2756424279614,-0.4756424279614002
26.0,27.768659451037497,-1.7686594510374967
26.9,27.727963810703724,-0.827963810703725
27.5,28.182357967790985,-0.6823579677909848
27.8,28.774709279949835,-0.9747092799498347
28.1,29.180755269842045,-1.0807552698420437
28.5,29.234245024851447,-0.7342450248514467
30.3,28.800185986751856,1.4998140132481446
29.2,28.9519722477129,0.2480277522871006
29.6,28.49539963924235,1.104600360757651
29.0,28.109086236787103,0.8909137632128967
27.5,27.648724627578954,-0.14872462757895377
26.5,26.882784329702,-0.3827843297020017
26.6,26.343946803006617,0.2560531969933848
26.1,26.1346280061166,-0.03462800611659844
25.7,25.961843111254947,-0.2618431112549473
25.8,25.726273499455313,0.07372650054468721
26.1,25.589770253236853,0.510229746763148
25.9,25.408585055119342,0.4914149448806562
25.5,25.21957876292229,0.2804212370777108
25.2,25.010808019702782,0.18919198029721684
25.0,24.821857842820187,0.1781421571798134
24.9,24.722718545032215,0.17728145496778325
24.8,24.904194763897245,-0.1041947638972438
25.6,25.575518733564696,0.02448126643530557
27.2,26.42198249408176,0.778017505918239
28.9,28.85775038626632,0.042249613733677194
29.3,29.523375553668085,-0.2233755536680846
30.3,29.569729458706,0.7302705412940007
30.9,29.68220278192381,1.2177972180761891
31.4,29.6394342383337,1.7605657616662995
31.2,29.61394106867917,1.586058931320828
30.8,29.405233875610733,1.3947661243892675
30.7,29.111043055377735,1.5889569446222644
28.9,28.886296441451055,0.013703558548943562
28.4,28.040959412721058,0.3590405872789404
28.0,27.18003400988749,0.8199659901125109
27.9,26.76714305800637,1.13285694199363
27.7,26.550804314937103,1.149195685062896
27.1,26.41544267017894,0.684557329821061
26.7,26.268186348955695,0.4318136510443047
